date,campaign_id,campaign_name,platform,impressions,clicks,conversions,spend_usd,revenue_usd
2024-03-01,C001,Back to School Promo,Facebook Ads,55490,1358,69,449.73,1212.92
2024-03-01,C002,Fall Discount Launch,Google Ads,47655,1297,60,391.66,1265.11
2024-03-01,C003,New Arrivals Awareness,Instagram Ads,58171,758,16,116.79,158.88
2024-03-01,C004,Flash Sale Campaign,Meta Ads,33581,854,54,197.85,741.98
2024-03-01,C005,Loyalty Program Boost,TikTok Ads,48956,851,26,155.21,344.18
2024-03-02,C001,Back to School Promo,Facebook Ads,46144,954,46,247.87,803.85
2024-03-02,C002,Fall Discount Launch,Google Ads,39592,1113,44,310.95,952.38
2024-03-02,C003,New Arrivals Awareness,Instagram Ads,46230,667,8,112.14,97.89
2024-03-02,C004,Flash Sale Campaign,Meta Ads,32986,1015,59,254.36,804.43
2024-03-02,C005,Loyalty Program Boost,TikTok Ads,34208,573,21,131.26,242.17
2024-03-03,C001,Back to School Promo,Facebook Ads,47778,1125,44,338.12,873.66
2024-03-03,C002,Fall Discount Launch,Google Ads,46696,898,34,298.78,746.34
2024-03-03,C003,New Arrivals Awareness,Instagram Ads,50839,692,11,118.53,142.73
2024-03-03,C004,Flash Sale Campaign,Meta Ads,35373,1050,76,284.85,1137.55
2024-03-03,C005,Loyalty Program Boost,TikTok Ads,38729,858,26,224.2,268.64
2024-03-04,C001,Back to School Promo,Facebook Ads,59619,1510,64,427.46,923.03
2024-03-04,C002,Fall Discount Launch,Google Ads,49736,1153,60,346.01,1102.98
2024-03-04,C003,New Arrivals Awareness,Instagram Ads,60377,961,20,179.98,252.32
2024-03-04,C004,Flash Sale Campaign,Meta Ads,37440,1286,66,321.21,1014.59
2024-03-04,C005,Loyalty Program Boost,TikTok Ads,37984,714,23,157.18,314.45
2024-03-05,C001,Back to School Promo,Facebook Ads,47732,1118,47,282.9,832.36
2024-03-05,C002,Fall Discount Launch,Google Ads,53399,1507,62,497.14,1230.77
2024-03-05,C003,New Arrivals Awareness,Instagram Ads,51846,723,15,187.34,176.54
2024-03-05,C004,Flash Sale Campaign,Meta Ads,38553,1151,53,340.3,911.76
2024-03-05,C005,Loyalty Program Boost,TikTok Ads,48462,753,29,137.79,429.83
2024-03-06,C001,Back to School Promo,Facebook Ads,68213,1452,58,411.42,991.44
2024-03-06,C002,Fall Discount Launch,Google Ads,43642,970,31,328.04,563.0
2024-03-06,C003,New Arrivals Awareness,Instagram Ads,74572,921,17,202.18,178.89
2024-03-06,C004,Flash Sale Campaign,Meta Ads,38519,1382,56,367.28,919.29
2024-03-06,C005,Loyalty Program Boost,TikTok Ads,48729,714,16,166.92,230.65
2024-03-07,C001,Back to School Promo,Facebook Ads,57543,1513,59,435.45,1093.12
2024-03-07,C002,Fall Discount Launch,Google Ads,48117,1355,59,371.61,1257.47
2024-03-07,C003,New Arrivals Awareness,Instagram Ads,58460,915,23,164.98,302.59
2024-03-07,C004,Flash Sale Campaign,Meta Ads,39344,1326,110,334.61,1627.34
2024-03-07,C005,Loyalty Program Boost,TikTok Ads,41308,653,19,149.54,273.36
2024-03-08,C001,Back to School Promo,Facebook Ads,60780,1522,88,412.63,2014.87
2024-03-08,C002,Fall Discount Launch,Google Ads,55061,1056,33,357.48,645.25
2024-03-08,C003,New Arrivals Awareness,Instagram Ads,69398,1041,21,187.04,213.83
2024-03-08,C004,Flash Sale Campaign,Meta Ads,36097,1222,76,270.22,1237.06
2024-03-08,C005,Loyalty Program Boost,TikTok Ads,47088,735,23,162.83,285.2
2024-03-09,C001,Back to School Promo,Facebook Ads,49264,1335,73,421.07,1132.97
2024-03-09,C002,Fall Discount Launch,Google Ads,39786,943,42,320.41,1163.63
2024-03-09,C003,New Arrivals Awareness,Instagram Ads,58013,951,23,205.07,267.3
2024-03-09,C004,Flash Sale Campaign,Meta Ads,34443,914,52,223.8,838.81
2024-03-09,C005,Loyalty Program Boost,TikTok Ads,47308,613,21,108.76,280.13
2024-03-10,C001,Back to School Promo,Facebook Ads,52408,1323,47,338.64,903.49
2024-03-10,C002,Fall Discount Launch,Google Ads,40440,919,37,271.09,898.65
2024-03-10,C003,New Arrivals Awareness,Instagram Ads,57990,565,12,104.03,156.28
2024-03-10,C004,Flash Sale Campaign,Meta Ads,29290,864,57,247.98,802.53
2024-03-10,C005,Loyalty Program Boost,TikTok Ads,36896,617,16,164.5,233.07
2024-03-11,C001,Back to School Promo,Facebook Ads,48145,1369,88,430.81,1343.33
2024-03-11,C002,Fall Discount Launch,Google Ads,48391,1267,44,427.03,948.17
2024-03-11,C003,New Arrivals Awareness,Instagram Ads,57674,800,6,140.33,70.18
2024-03-11,C004,Flash Sale Campaign,Meta Ads,32453,1212,52,298.48,842.88
2024-03-11,C005,Loyalty Program Boost,TikTok Ads,50910,719,27,158.37,340.9
2024-03-12,C001,Back to School Promo,Facebook Ads,56961,1467,58,414.2,1003.77
2024-03-12,C002,Fall Discount Launch,Google Ads,50827,1229,65,334.86,1577.29
2024-03-12,C003,New Arrivals Awareness,Instagram Ads,50558,692,15,143.07,168.79
2024-03-12,C004,Flash Sale Campaign,Meta Ads,35883,997,53,285.65,878.27
2024-03-12,C005,Loyalty Program Boost,TikTok Ads,40927,836,27,201.86,401.8
2024-03-13,C001,Back to School Promo,Facebook Ads,49240,1128,58,338.97,1041.82
2024-03-13,C002,Fall Discount Launch,Google Ads,50143,1315,46,448.43,901.4
2024-03-13,C003,New Arrivals Awareness,Instagram Ads,60603,988,23,216.89,312.03
2024-03-13,C004,Flash Sale Campaign,Meta Ads,36214,1198,67,323.6,1058.05
2024-03-13,C005,Loyalty Program Boost,TikTok Ads,43787,859,22,236.43,277.01
2024-03-14,C001,Back to School Promo,Facebook Ads,46446,1363,71,410.22,1358.3
2024-03-14,C002,Fall Discount Launch,Google Ads,48738,928,38,272.83,834.11
2024-03-14,C003,New Arrivals Awareness,Instagram Ads,60100,737,14,154.7,158.53
2024-03-14,C004,Flash Sale Campaign,Meta Ads,32656,1015,64,247.85,975.77
2024-03-14,C005,Loyalty Program Boost,TikTok Ads,43689,616,13,123.84,178.12
2024-03-15,C001,Back to School Promo,Facebook Ads,53616,1637,86,449.56,1545.06
2024-03-15,C002,Fall Discount Launch,Google Ads,43187,947,36,314.78,660.44
2024-03-15,C003,New Arrivals Awareness,Instagram Ads,63116,1087,21,227.88,269.39
2024-03-15,C004,Flash Sale Campaign,Meta Ads,33595,1042,63,274.1,930.08
2024-03-15,C005,Loyalty Program Boost,TikTok Ads,42102,814,32,199.69,544.46
2024-03-16,C001,Back to School Promo,Facebook Ads,40129,1134,53,400.96,876.89
2024-03-16,C002,Fall Discount Launch,Google Ads,36752,736,17,220.66,314.19
2024-03-16,C003,New Arrivals Awareness,Instagram Ads,50905,749,21,166.88,237.46
2024-03-16,C004,Flash Sale Campaign,Meta Ads,26626,858,38,272.11,679.71
2024-03-16,C005,Loyalty Program Boost,TikTok Ads,33459,447,17,96.99,267.46
2024-03-17,C001,Back to School Promo,Facebook Ads,35943,818,37,230.33,636.03
2024-03-17,C002,Fall Discount Launch,Google Ads,41930,775,30,251.58,630.87
2024-03-17,C003,New Arrivals Awareness,Instagram Ads,52851,615,9,141.86,111.59
2024-03-17,C004,Flash Sale Campaign,Meta Ads,26627,985,60,292.34,966.48
2024-03-17,C005,Loyalty Program Boost,TikTok Ads,41655,947,27,232.63,402.4
2024-03-18,C001,Back to School Promo,Facebook Ads,56337,1205,62,380.25,919.72
2024-03-18,C002,Fall Discount Launch,Google Ads,40330,616,23,214.09,529.11
2024-03-18,C003,New Arrivals Awareness,Instagram Ads,57602,1003,15,159.6,179.0
2024-03-18,C004,Flash Sale Campaign,Meta Ads,34635,1034,36,265.96,500.86
2024-03-18,C005,Loyalty Program Boost,TikTok Ads,42705,811,20,167.42,250.34
2024-03-19,C001,Back to School Promo,Facebook Ads,48601,1389,50,412.44,852.28
2024-03-19,C002,Fall Discount Launch,Google Ads,41566,900,29,268.87,510.52
2024-03-19,C003,New Arrivals Awareness,Instagram Ads,67520,950,16,194.88,189.84
2024-03-19,C004,Flash Sale Campaign,Meta Ads,32191,1055,73,256.84,1100.74
2024-03-19,C005,Loyalty Program Boost,TikTok Ads,38416,453,9,116.01,146.73
2024-03-20,C001,Back to School Promo,Facebook Ads,47192,1282,61,491.58,1220.93
2024-03-20,C002,Fall Discount Launch,Google Ads,44102,831,23,272.41,425.21
2024-03-20,C003,New Arrivals Awareness,Instagram Ads,47900,606,9,145.74,117.52
2024-03-20,C004,Flash Sale Campaign,Meta Ads,32549,1193,73,278.12,1345.9
2024-03-20,C005,Loyalty Program Boost,TikTok Ads,41196,626,18,123.25,217.15
2024-03-21,C001,Back to School Promo,Facebook Ads,52493,1688,55,504.57,925.59
2024-03-21,C002,Fall Discount Launch,Google Ads,42187,846,28,272.3,513.47
2024-03-21,C003,New Arrivals Awareness,Instagram Ads,56934,791,15,140.97,169.62
2024-03-21,C004,Flash Sale Campaign,Meta Ads,34779,1122,54,295.2,928.92
2024-03-21,C005,Loyalty Program Boost,TikTok Ads,32326,629,16,147.86,206.9
2024-03-22,C001,Back to School Promo,Facebook Ads,39224,741,34,213.95,556.66
2024-03-22,C002,Fall Discount Launch,Google Ads,47002,776,31,212.23,579.59
2024-03-22,C003,New Arrivals Awareness,Instagram Ads,55488,677,12,151.75,135.69
2024-03-22,C004,Flash Sale Campaign,Meta Ads,34907,870,58,265.33,698.63
2024-03-22,C005,Loyalty Program Boost,TikTok Ads,35577,696,20,159.94,263.09
2024-03-23,C001,Back to School Promo,Facebook Ads,41035,1002,56,289.13,1042.03
2024-03-23,C002,Fall Discount Launch,Google Ads,36007,734,27,246.0,517.27
2024-03-23,C003,New Arrivals Awareness,Instagram Ads,48302,887,21,170.46,282.27
2024-03-23,C004,Flash Sale Campaign,Meta Ads,26265,547,26,110.29,401.38
2024-03-23,C005,Loyalty Program Boost,TikTok Ads,32920,742,24,158.95,363.87
2024-03-24,C001,Back to School Promo,Facebook Ads,31807,823,43,189.55,862.53
2024-03-24,C002,Fall Discount Launch,Google Ads,38971,804,36,327.38,733.09
2024-03-24,C003,New Arrivals Awareness,Instagram Ads,48289,629,10,138.33,109.73
2024-03-24,C004,Flash Sale Campaign,Meta Ads,27683,771,51,208.49,900.66
2024-03-24,C005,Loyalty Program Boost,TikTok Ads,31301,541,13,112.67,188.87
2024-03-25,C001,Back to School Promo,Facebook Ads,52060,1121,59,364.94,1105.91
2024-03-25,C002,Fall Discount Launch,Google Ads,53058,1032,31,259.75,712.75
2024-03-25,C003,New Arrivals Awareness,Instagram Ads,59497,826,17,142.89,253.89
2024-03-25,C004,Flash Sale Campaign,Meta Ads,32996,1006,69,276.66,1128.72
2024-03-25,C005,Loyalty Program Boost,TikTok Ads,36000,694,29,177.33,470.68
2024-03-26,C001,Back to School Promo,Facebook Ads,46408,988,43,278.49,858.69
2024-03-26,C002,Fall Discount Launch,Google Ads,37505,1014,39,307.86,701.06
2024-03-26,C003,New Arrivals Awareness,Instagram Ads,47094,741,15,125.26,156.69
2024-03-26,C004,Flash Sale Campaign,Meta Ads,31813,1193,68,254.23,1061.26
2024-03-26,C005,Loyalty Program Boost,TikTok Ads,38425,412,12,88.13,179.7
2024-03-27,C001,Back to School Promo,Facebook Ads,58717,1716,73,416.68,1652.14
2024-03-27,C002,Fall Discount Launch,Google Ads,46013,1014,40,332.19,788.45
2024-03-27,C003,New Arrivals Awareness,Instagram Ads,53898,693,14,129.56,156.02
2024-03-27,C004,Flash Sale Campaign,Meta Ads,33709,973,76,172.5,1348.73
2024-03-27,C005,Loyalty Program Boost,TikTok Ads,45012,558,16,117.29,192.47
2024-03-28,C001,Back to School Promo,Facebook Ads,46394,967,59,301.16,1197.04
2024-03-28,C002,Fall Discount Launch,Google Ads,49789,910,33,308.3,579.34
2024-03-28,C003,New Arrivals Awareness,Instagram Ads,62186,839,16,182.12,200.53
2024-03-28,C004,Flash Sale Campaign,Meta Ads,32638,1149,54,320.82,915.24
2024-03-28,C005,Loyalty Program Boost,TikTok Ads,39375,743,17,181.58,233.6
2024-03-29,C001,Back to School Promo,Facebook Ads,48462,1402,54,326.21,820.7
2024-03-29,C002,Fall Discount Launch,Google Ads,50062,890,48,213.65,1122.86
2024-03-29,C003,New Arrivals Awareness,Instagram Ads,60247,831,15,174.16,179.32
2024-03-29,C004,Flash Sale Campaign,Meta Ads,38215,1166,72,289.93,1145.44
2024-03-29,C005,Loyalty Program Boost,TikTok Ads,42572,570,12,136.58,170.87
2024-03-30,C001,Back to School Promo,Facebook Ads,43386,1088,52,284.91,863.15
2024-03-30,C002,Fall Discount Launch,Google Ads,41599,781,34,198.86,749.98
2024-03-30,C003,New Arrivals Awareness,Instagram Ads,53410,776,19,186.22,251.13
2024-03-30,C004,Flash Sale Campaign,Meta Ads,24273,588,31,153.36,521.68
2024-03-30,C005,Loyalty Program Boost,TikTok Ads,33109,613,16,124.96,192.49
2024-03-31,C001,Back to School Promo,Facebook Ads,40786,813,29,256.42,472.44
2024-03-31,C002,Fall Discount Launch,Google Ads,52397,1238,51,355.35,1091.43
2024-03-31,C003,New Arrivals Awareness,Instagram Ads,48863,697,21,137.79,280.96
2024-03-31,C004,Flash Sale Campaign,Meta Ads,28118,839,68,201.73,1285.19
2024-03-31,C005,Loyalty Program Boost,TikTok Ads,38862,640,22,157.23,327.15
2024-04-01,C001,Back to School Promo,Facebook Ads,45261,1008,43,279.72,822.04
2024-04-01,C002,Fall Discount Launch,Google Ads,50442,887,38,304.64,802.54
2024-04-01,C003,New Arrivals Awareness,Instagram Ads,68648,1081,24,214.38,240.16
2024-04-01,C004,Flash Sale Campaign,Meta Ads,37691,1166,74,256.71,1056.0
2024-04-01,C005,Loyalty Program Boost,TikTok Ads,47933,858,29,189.4,407.21
2024-04-02,C001,Back to School Promo,Facebook Ads,59553,1374,63,363.38,1084.73
2024-04-02,C002,Fall Discount Launch,Google Ads,48703,1107,40,407.62,728.43
2024-04-02,C003,New Arrivals Awareness,Instagram Ads,61647,806,21,165.0,278.0
2024-04-02,C004,Flash Sale Campaign,Meta Ads,31201,974,69,255.74,1221.63
2024-04-02,C005,Loyalty Program Boost,TikTok Ads,41700,909,40,191.27,535.05
2024-04-03,C001,Back to School Promo,Facebook Ads,63098,1951,79,518.74,1381.93
2024-04-03,C002,Fall Discount Launch,Google Ads,44016,835,27,242.58,538.13
2024-04-03,C003,New Arrivals Awareness,Instagram Ads,65055,1123,18,251.13,211.38
2024-04-03,C004,Flash Sale Campaign,Meta Ads,36897,1219,57,331.48,927.18
2024-04-03,C005,Loyalty Program Boost,TikTok Ads,46688,877,39,178.17,517.01
2024-04-04,C001,Back to School Promo,Facebook Ads,52137,1195,47,382.34,966.17
2024-04-04,C002,Fall Discount Launch,Google Ads,48396,932,41,278.48,871.9
2024-04-04,C003,New Arrivals Awareness,Instagram Ads,65458,708,19,172.12,214.03
2024-04-04,C004,Flash Sale Campaign,Meta Ads,35973,1125,72,315.61,1383.58
2024-04-04,C005,Loyalty Program Boost,TikTok Ads,44115,699,15,140.29,209.3
2024-04-05,C001,Back to School Promo,Facebook Ads,65998,1522,72,425.32,1450.02
2024-04-05,C002,Fall Discount Launch,Google Ads,64704,1310,47,471.73,1004.1
2024-04-05,C003,New Arrivals Awareness,Instagram Ads,76488,1165,22,249.51,293.27
2024-04-05,C004,Flash Sale Campaign,Meta Ads,40753,1316,96,390.17,1748.3
2024-04-05,C005,Loyalty Program Boost,TikTok Ads,48127,845,26,212.81,334.26
2024-04-06,C001,Back to School Promo,Facebook Ads,49475,1164,53,375.92,972.23
2024-04-06,C002,Fall Discount Launch,Google Ads,44250,775,36,267.21,875.75
2024-04-06,C003,New Arrivals Awareness,Instagram Ads,53363,772,16,183.63,190.17
2024-04-06,C004,Flash Sale Campaign,Meta Ads,33013,1081,67,266.0,1092.81
2024-04-06,C005,Loyalty Program Boost,TikTok Ads,42678,650,20,130.99,313.46
2024-04-07,C001,Back to School Promo,Facebook Ads,40448,926,45,307.99,804.67
2024-04-07,C002,Fall Discount Launch,Google Ads,41600,1173,33,276.32,689.04
2024-04-07,C003,New Arrivals Awareness,Instagram Ads,52293,620,14,127.63,158.52
2024-04-07,C004,Flash Sale Campaign,Meta Ads,28005,950,64,244.06,1213.1
2024-04-07,C005,Loyalty Program Boost,TikTok Ads,34416,478,12,104.58,172.09
2024-04-08,C001,Back to School Promo,Facebook Ads,54606,1437,48,472.07,856.9
2024-04-08,C002,Fall Discount Launch,Google Ads,57423,1328,58,454.02,1211.93
2024-04-08,C003,New Arrivals Awareness,Instagram Ads,68714,1154,24,250.44,285.42
2024-04-08,C004,Flash Sale Campaign,Meta Ads,43086,1161,95,300.41,1302.52
2024-04-08,C005,Loyalty Program Boost,TikTok Ads,45774,740,26,150.05,347.76
2024-04-09,C001,Back to School Promo,Facebook Ads,45096,1051,24,238.35,464.85
2024-04-09,C002,Fall Discount Launch,Google Ads,55358,1296,42,412.35,839.7
2024-04-09,C003,New Arrivals Awareness,Instagram Ads,56725,973,23,189.44,276.74
2024-04-09,C004,Flash Sale Campaign,Meta Ads,38204,795,45,189.78,647.88
2024-04-09,C005,Loyalty Program Boost,TikTok Ads,43647,997,34,204.31,503.25
2024-04-10,C001,Back to School Promo,Facebook Ads,62800,1788,81,461.77,1559.8
2024-04-10,C002,Fall Discount Launch,Google Ads,52854,1319,59,475.24,1116.84
2024-04-10,C003,New Arrivals Awareness,Instagram Ads,71941,1037,29,190.25,408.41
2024-04-10,C004,Flash Sale Campaign,Meta Ads,37814,1024,55,256.01,917.33
2024-04-10,C005,Loyalty Program Boost,TikTok Ads,46823,770,23,212.95,377.63
2024-04-11,C001,Back to School Promo,Facebook Ads,56820,1429,66,429.58,1066.49
2024-04-11,C002,Fall Discount Launch,Google Ads,48963,808,35,278.64,666.18
2024-04-11,C003,New Arrivals Awareness,Instagram Ads,72709,831,12,170.68,159.08
2024-04-11,C004,Flash Sale Campaign,Meta Ads,42816,1196,87,309.52,1367.97
2024-04-11,C005,Loyalty Program Boost,TikTok Ads,47860,946,19,245.0,302.71
2024-04-12,C001,Back to School Promo,Facebook Ads,50333,1333,66,384.92,1122.62
2024-04-12,C002,Fall Discount Launch,Google Ads,46233,1013,50,345.31,962.94
2024-04-12,C003,New Arrivals Awareness,Instagram Ads,66733,535,13,84.66,150.35
2024-04-12,C004,Flash Sale Campaign,Meta Ads,32092,776,57,190.44,943.6
2024-04-12,C005,Loyalty Program Boost,TikTok Ads,43163,833,25,155.05,384.87
2024-04-13,C001,Back to School Promo,Facebook Ads,42716,819,34,270.62,664.03
2024-04-13,C002,Fall Discount Launch,Google Ads,40032,835,31,333.79,643.68
2024-04-13,C003,New Arrivals Awareness,Instagram Ads,54077,874,18,169.37,211.76
2024-04-13,C004,Flash Sale Campaign,Meta Ads,30028,896,62,234.41,1064.68
2024-04-13,C005,Loyalty Program Boost,TikTok Ads,36000,656,12,160.19,173.82
2024-04-14,C001,Back to School Promo,Facebook Ads,48611,687,44,189.14,879.77
2024-04-14,C002,Fall Discount Launch,Google Ads,36557,878,28,259.93,667.19
2024-04-14,C003,New Arrivals Awareness,Instagram Ads,50027,723,17,153.2,207.07
2024-04-14,C004,Flash Sale Campaign,Meta Ads,30835,1259,75,335.24,1326.08
2024-04-14,C005,Loyalty Program Boost,TikTok Ads,39646,841,28,159.64,456.03
2024-04-15,C001,Back to School Promo,Facebook Ads,45273,1183,45,328.69,836.63
2024-04-15,C002,Fall Discount Launch,Google Ads,48718,1140,60,384.65,1170.7
2024-04-15,C003,New Arrivals Awareness,Instagram Ads,64690,1067,16,228.7,205.46
2024-04-15,C004,Flash Sale Campaign,Meta Ads,33393,1209,70,319.08,1100.62
2024-04-15,C005,Loyalty Program Boost,TikTok Ads,41365,622,13,163.02,166.59
2024-04-16,C001,Back to School Promo,Facebook Ads,45320,767,30,180.66,628.67
2024-04-16,C002,Fall Discount Launch,Google Ads,51127,1009,59,360.92,1141.67
2024-04-16,C003,New Arrivals Awareness,Instagram Ads,43539,819,12,131.46,158.73
2024-04-16,C004,Flash Sale Campaign,Meta Ads,42122,1526,102,425.08,1771.28
2024-04-16,C005,Loyalty Program Boost,TikTok Ads,43717,820,25,179.04,323.61
2024-04-17,C001,Back to School Promo,Facebook Ads,48163,898,40,221.61,640.54
2024-04-17,C002,Fall Discount Launch,Google Ads,46565,1238,59,321.5,1063.22
2024-04-17,C003,New Arrivals Awareness,Instagram Ads,62557,747,14,159.26,151.73
2024-04-17,C004,Flash Sale Campaign,Meta Ads,33705,809,43,218.41,578.4
2024-04-17,C005,Loyalty Program Boost,TikTok Ads,41788,750,25,169.43,397.74
2024-04-18,C001,Back to School Promo,Facebook Ads,49520,1158,53,345.38,958.66
2024-04-18,C002,Fall Discount Launch,Google Ads,45329,892,31,237.4,728.47
2024-04-18,C003,New Arrivals Awareness,Instagram Ads,49413,620,11,137.32,128.11
2024-04-18,C004,Flash Sale Campaign,Meta Ads,37026,999,63,233.7,1224.23
2024-04-18,C005,Loyalty Program Boost,TikTok Ads,34811,656,22,151.49,302.29
2024-04-19,C001,Back to School Promo,Facebook Ads,47769,1202,52,375.49,1142.9
2024-04-19,C002,Fall Discount Launch,Google Ads,42183,737,29,308.85,533.39
2024-04-19,C003,New Arrivals Awareness,Instagram Ads,64996,1139,20,243.35,279.08
2024-04-19,C004,Flash Sale Campaign,Meta Ads,31340,911,48,208.02,718.14
2024-04-19,C005,Loyalty Program Boost,TikTok Ads,34305,621,16,140.45,189.15
2024-04-20,C001,Back to School Promo,Facebook Ads,42188,1187,32,347.28,646.71
2024-04-20,C002,Fall Discount Launch,Google Ads,33135,912,40,267.15,795.54
2024-04-20,C003,New Arrivals Awareness,Instagram Ads,49750,704,16,125.24,195.25
2024-04-20,C004,Flash Sale Campaign,Meta Ads,23600,696,34,164.99,611.24
2024-04-20,C005,Loyalty Program Boost,TikTok Ads,36583,719,17,152.17,266.87
2024-04-21,C001,Back to School Promo,Facebook Ads,41259,1390,67,398.17,1168.72
2024-04-21,C002,Fall Discount Launch,Google Ads,38055,818,37,291.81,681.84
2024-04-21,C003,New Arrivals Awareness,Instagram Ads,40693,413,9,71.66,84.75
2024-04-21,C004,Flash Sale Campaign,Meta Ads,28447,1173,70,335.67,1129.16
2024-04-21,C005,Loyalty Program Boost,TikTok Ads,32534,666,19,151.22,274.56
2024-04-22,C001,Back to School Promo,Facebook Ads,44665,1283,56,326.66,1062.08
2024-04-22,C002,Fall Discount Launch,Google Ads,40211,888,35,321.19,733.23
2024-04-22,C003,New Arrivals Awareness,Instagram Ads,55088,866,22,184.79,264.27
2024-04-22,C004,Flash Sale Campaign,Meta Ads,27989,706,40,170.13,628.03
2024-04-22,C005,Loyalty Program Boost,TikTok Ads,38877,755,22,175.8,309.99
2024-04-23,C001,Back to School Promo,Facebook Ads,38552,828,36,198.19,686.88
2024-04-23,C002,Fall Discount Launch,Google Ads,51136,1331,51,502.11,1035.16
2024-04-23,C003,New Arrivals Awareness,Instagram Ads,53566,681,13,129.86,158.66
2024-04-23,C004,Flash Sale Campaign,Meta Ads,32856,986,64,292.99,1121.23
2024-04-23,C005,Loyalty Program Boost,TikTok Ads,33042,367,13,67.5,177.91
2024-04-24,C001,Back to School Promo,Facebook Ads,42734,780,39,238.3,661.53
2024-04-24,C002,Fall Discount Launch,Google Ads,33099,669,29,176.09,590.63
2024-04-24,C003,New Arrivals Awareness,Instagram Ads,55757,848,17,149.8,228.41
2024-04-24,C004,Flash Sale Campaign,Meta Ads,32058,958,47,235.83,685.46
2024-04-24,C005,Loyalty Program Boost,TikTok Ads,38414,869,19,154.16,305.13
2024-04-25,C001,Back to School Promo,Facebook Ads,47884,1077,59,279.64,1255.92
2024-04-25,C002,Fall Discount Launch,Google Ads,48206,983,56,291.7,1203.11
2024-04-25,C003,New Arrivals Awareness,Instagram Ads,58121,973,26,195.35,288.49
2024-04-25,C004,Flash Sale Campaign,Meta Ads,34433,928,78,245.23,1202.41
2024-04-25,C005,Loyalty Program Boost,TikTok Ads,40232,578,14,145.48,183.12
2024-04-26,C001,Back to School Promo,Facebook Ads,44366,1198,67,364.38,1326.12
2024-04-26,C002,Fall Discount Launch,Google Ads,42281,732,38,225.17,740.94
2024-04-26,C003,New Arrivals Awareness,Instagram Ads,64773,982,21,247.42,235.78
2024-04-26,C004,Flash Sale Campaign,Meta Ads,36448,1103,70,339.38,1176.88
2024-04-26,C005,Loyalty Program Boost,TikTok Ads,42179,881,25,174.3,313.43
2024-04-27,C001,Back to School Promo,Facebook Ads,34353,1124,39,306.36,682.57
2024-04-27,C002,Fall Discount Launch,Google Ads,40685,1005,47,299.1,924.29
2024-04-27,C003,New Arrivals Awareness,Instagram Ads,50734,684,18,144.86,231.87
2024-04-27,C004,Flash Sale Campaign,Meta Ads,30689,1083,67,237.76,1114.85
2024-04-27,C005,Loyalty Program Boost,TikTok Ads,32288,535,18,135.19,252.54
2024-04-28,C001,Back to School Promo,Facebook Ads,44807,1406,66,516.59,1255.18
2024-04-28,C002,Fall Discount Launch,Google Ads,33056,809,35,298.95,747.12
2024-04-28,C003,New Arrivals Awareness,Instagram Ads,49457,565,11,101.47,124.34
2024-04-28,C004,Flash Sale Campaign,Meta Ads,30977,1162,75,258.76,1253.35
2024-04-28,C005,Loyalty Program Boost,TikTok Ads,39307,643,19,141.71,245.12
2024-04-29,C001,Back to School Promo,Facebook Ads,55371,1359,66,339.99,1136.03
2024-04-29,C002,Fall Discount Launch,Google Ads,51467,1069,58,325.68,1186.06
2024-04-29,C003,New Arrivals Awareness,Instagram Ads,65595,723,9,118.13,121.64
2024-04-29,C004,Flash Sale Campaign,Meta Ads,33068,1373,73,364.89,1348.12
2024-04-29,C005,Loyalty Program Boost,TikTok Ads,50425,1188,44,293.48,652.5
2024-04-30,C001,Back to School Promo,Facebook Ads,56979,1307,49,365.81,866.99
2024-04-30,C002,Fall Discount Launch,Google Ads,46586,1132,54,366.08,1239.57
2024-04-30,C003,New Arrivals Awareness,Instagram Ads,54033,734,13,113.92,154.71
2024-04-30,C004,Flash Sale Campaign,Meta Ads,35148,1294,87,295.09,1650.09
2024-04-30,C005,Loyalty Program Boost,TikTok Ads,47912,938,27,182.6,363.93
2024-05-01,C001,Back to School Promo,Facebook Ads,59537,1909,112,503.16,1790.29
2024-05-01,C002,Fall Discount Launch,Google Ads,50260,812,35,255.24,667.38
2024-05-01,C003,New Arrivals Awareness,Instagram Ads,52072,785,14,134.96,119.75
2024-05-01,C004,Flash Sale Campaign,Meta Ads,36039,1369,109,336.42,1638.97
2024-05-01,C005,Loyalty Program Boost,TikTok Ads,45399,695,22,166.96,345.79
2024-05-02,C001,Back to School Promo,Facebook Ads,53899,1306,48,329.4,844.43
2024-05-02,C002,Fall Discount Launch,Google Ads,52103,1303,44,491.65,856.14
2024-05-02,C003,New Arrivals Awareness,Instagram Ads,62687,779,8,172.33,103.07
2024-05-02,C004,Flash Sale Campaign,Meta Ads,35614,1079,71,227.94,1075.9
2024-05-02,C005,Loyalty Program Boost,TikTok Ads,47467,694,22,127.83,322.37
2024-05-03,C001,Back to School Promo,Facebook Ads,54895,1040,58,265.53,959.41
2024-05-03,C002,Fall Discount Launch,Google Ads,51873,1338,43,431.33,896.88
2024-05-03,C003,New Arrivals Awareness,Instagram Ads,67972,977,18,175.99,217.86
2024-05-03,C004,Flash Sale Campaign,Meta Ads,33105,558,36,160.82,439.9
2024-05-03,C005,Loyalty Program Boost,TikTok Ads,40003,787,33,173.57,428.37
2024-05-04,C001,Back to School Promo,Facebook Ads,46397,1399,55,354.15,942.21
2024-05-04,C002,Fall Discount Launch,Google Ads,39467,884,47,293.85,916.28
2024-05-04,C003,New Arrivals Awareness,Instagram Ads,52942,567,13,112.34,153.18
2024-05-04,C004,Flash Sale Campaign,Meta Ads,41968,1315,67,324.41,1195.11
2024-05-04,C005,Loyalty Program Boost,TikTok Ads,38605,545,19,110.29,315.83
2024-05-05,C001,Back to School Promo,Facebook Ads,52699,1229,69,346.92,1347.91
2024-05-05,C002,Fall Discount Launch,Google Ads,46032,884,31,317.84,599.24
2024-05-05,C003,New Arrivals Awareness,Instagram Ads,52665,632,14,157.68,150.07
2024-05-05,C004,Flash Sale Campaign,Meta Ads,32091,1167,69,319.89,986.71
2024-05-05,C005,Loyalty Program Boost,TikTok Ads,40061,701,25,176.19,440.63
2024-05-06,C001,Back to School Promo,Facebook Ads,59391,1557,73,417.48,1358.48
2024-05-06,C002,Fall Discount Launch,Google Ads,50288,1134,57,319.05,1269.95
2024-05-06,C003,New Arrivals Awareness,Instagram Ads,73305,1008,12,186.9,162.68
2024-05-06,C004,Flash Sale Campaign,Meta Ads,37698,961,52,275.06,877.49
2024-05-06,C005,Loyalty Program Boost,TikTok Ads,44258,753,21,147.32,341.49
2024-05-07,C001,Back to School Promo,Facebook Ads,54327,1606,94,503.55,1618.97
2024-05-07,C002,Fall Discount Launch,Google Ads,53911,1182,39,392.96,688.03
2024-05-07,C003,New Arrivals Awareness,Instagram Ads,72466,944,20,195.22,233.79
2024-05-07,C004,Flash Sale Campaign,Meta Ads,40001,1115,79,243.08,1279.97
2024-05-07,C005,Loyalty Program Boost,TikTok Ads,54133,828,21,193.39,299.28
2024-05-08,C001,Back to School Promo,Facebook Ads,57918,1554,79,493.06,1480.28
2024-05-08,C002,Fall Discount Launch,Google Ads,50405,1221,67,384.5,1209.41
2024-05-08,C003,New Arrivals Awareness,Instagram Ads,71712,986,11,217.25,124.93
2024-05-08,C004,Flash Sale Campaign,Meta Ads,37321,1175,73,331.51,1117.14
2024-05-08,C005,Loyalty Program Boost,TikTok Ads,47514,822,28,194.19,355.33
2024-05-09,C001,Back to School Promo,Facebook Ads,61641,1417,74,414.25,1576.85
2024-05-09,C002,Fall Discount Launch,Google Ads,50178,1046,42,322.54,907.2
2024-05-09,C003,New Arrivals Awareness,Instagram Ads,53787,634,10,141.26,140.53
2024-05-09,C004,Flash Sale Campaign,Meta Ads,37033,1083,66,320.84,958.07
2024-05-09,C005,Loyalty Program Boost,TikTok Ads,45980,949,31,213.53,477.45
2024-05-10,C001,Back to School Promo,Facebook Ads,40198,1107,43,241.87,813.57
2024-05-10,C002,Fall Discount Launch,Google Ads,57839,1246,59,475.86,1335.16
2024-05-10,C003,New Arrivals Awareness,Instagram Ads,73991,1151,23,185.95,269.21
2024-05-10,C004,Flash Sale Campaign,Meta Ads,33953,1350,78,356.19,1316.83
2024-05-10,C005,Loyalty Program Boost,TikTok Ads,44690,1009,27,227.16,349.93
2024-05-11,C001,Back to School Promo,Facebook Ads,40169,912,41,242.2,686.9
2024-05-11,C002,Fall Discount Launch,Google Ads,36710,798,22,278.65,443.63
2024-05-11,C003,New Arrivals Awareness,Instagram Ads,45615,609,10,126.47,136.09
2024-05-11,C004,Flash Sale Campaign,Meta Ads,25307,772,45,216.89,735.35
2024-05-11,C005,Loyalty Program Boost,TikTok Ads,34567,592,15,147.06,210.45
2024-05-12,C001,Back to School Promo,Facebook Ads,54314,1345,52,308.19,767.23
2024-05-12,C002,Fall Discount Launch,Google Ads,35454,811,36,210.28,784.44
2024-05-12,C003,New Arrivals Awareness,Instagram Ads,50115,717,19,158.83,221.88
2024-05-12,C004,Flash Sale Campaign,Meta Ads,27980,568,29,143.94,418.19
2024-05-12,C005,Loyalty Program Boost,TikTok Ads,36377,662,19,134.28,270.49
2024-05-13,C001,Back to School Promo,Facebook Ads,55201,1154,67,319.3,1208.27
2024-05-13,C002,Fall Discount Launch,Google Ads,52254,1190,57,393.92,1070.18
2024-05-13,C003,New Arrivals Awareness,Instagram Ads,63203,733,15,146.02,176.25
2024-05-13,C004,Flash Sale Campaign,Meta Ads,35124,756,40,198.75,650.23
2024-05-13,C005,Loyalty Program Boost,TikTok Ads,38310,821,20,201.63,291.96
2024-05-14,C001,Back to School Promo,Facebook Ads,48639,1540,53,478.76,1049.46
2024-05-14,C002,Fall Discount Launch,Google Ads,44781,1191,45,394.32,923.43
2024-05-14,C003,New Arrivals Awareness,Instagram Ads,59194,930,22,146.97,298.43
2024-05-14,C004,Flash Sale Campaign,Meta Ads,29181,1011,74,228.45,1135.36
2024-05-14,C005,Loyalty Program Boost,TikTok Ads,37356,651,18,156.62,285.02
2024-05-15,C001,Back to School Promo,Facebook Ads,58271,1334,58,298.06,959.87
2024-05-15,C002,Fall Discount Launch,Google Ads,51755,1415,43,420.61,857.73
2024-05-15,C003,New Arrivals Awareness,Instagram Ads,60655,746,16,140.72,191.72
2024-05-15,C004,Flash Sale Campaign,Meta Ads,36298,1090,60,279.67,951.52
2024-05-15,C005,Loyalty Program Boost,TikTok Ads,39773,688,27,161.55,366.83
2024-05-16,C001,Back to School Promo,Facebook Ads,53814,1278,71,373.71,1264.29
2024-05-16,C002,Fall Discount Launch,Google Ads,48517,816,25,223.71,507.15
2024-05-16,C003,New Arrivals Awareness,Instagram Ads,68104,1273,29,269.9,285.32
2024-05-16,C004,Flash Sale Campaign,Meta Ads,32023,847,45,215.78,686.01
2024-05-16,C005,Loyalty Program Boost,TikTok Ads,32590,652,15,147.56,253.56
2024-05-17,C001,Back to School Promo,Facebook Ads,44998,698,30,221.26,645.75
2024-05-17,C002,Fall Discount Launch,Google Ads,40118,948,34,299.5,859.82
2024-05-17,C003,New Arrivals Awareness,Instagram Ads,48584,706,15,159.6,181.76
2024-05-17,C004,Flash Sale Campaign,Meta Ads,34381,971,61,242.06,1036.67
2024-05-17,C005,Loyalty Program Boost,TikTok Ads,38545,733,22,183.05,306.42
2024-05-18,C001,Back to School Promo,Facebook Ads,34201,1017,37,262.42,626.33
2024-05-18,C002,Fall Discount Launch,Google Ads,43648,653,43,235.44,879.2
2024-05-18,C003,New Arrivals Awareness,Instagram Ads,47704,696,15,149.98,190.0
2024-05-18,C004,Flash Sale Campaign,Meta Ads,28231,822,48,208.72,855.07
2024-05-18,C005,Loyalty Program Boost,TikTok Ads,35570,358,12,80.6,167.69
2024-05-19,C001,Back to School Promo,Facebook Ads,39539,1155,62,293.41,1161.43
2024-05-19,C002,Fall Discount Launch,Google Ads,34283,598,21,211.16,460.03
2024-05-19,C003,New Arrivals Awareness,Instagram Ads,49902,775,17,143.07,212.81
2024-05-19,C004,Flash Sale Campaign,Meta Ads,29905,999,74,281.82,1225.61
2024-05-19,C005,Loyalty Program Boost,TikTok Ads,36782,659,16,142.14,207.31
2024-05-20,C001,Back to School Promo,Facebook Ads,44799,1096,42,295.54,612.84
2024-05-20,C002,Fall Discount Launch,Google Ads,45293,997,33,344.28,721.88
2024-05-20,C003,New Arrivals Awareness,Instagram Ads,46523,577,10,102.38,129.95
2024-05-20,C004,Flash Sale Campaign,Meta Ads,31710,914,33,255.76,462.57
2024-05-20,C005,Loyalty Program Boost,TikTok Ads,39037,732,28,135.75,273.64
2024-05-21,C001,Back to School Promo,Facebook Ads,48742,1548,87,444.34,1489.01
2024-05-21,C002,Fall Discount Launch,Google Ads,47746,897,39,304.45,862.7
2024-05-21,C003,New Arrivals Awareness,Instagram Ads,70466,1045,19,208.36,187.67
2024-05-21,C004,Flash Sale Campaign,Meta Ads,29977,844,45,223.45,660.79
2024-05-21,C005,Loyalty Program Boost,TikTok Ads,42992,774,23,163.58,327.0
2024-05-22,C001,Back to School Promo,Facebook Ads,51811,1127,44,304.06,685.41
2024-05-22,C002,Fall Discount Launch,Google Ads,40561,829,39,273.64,795.1
2024-05-22,C003,New Arrivals Awareness,Instagram Ads,59925,822,18,162.36,221.73
2024-05-22,C004,Flash Sale Campaign,Meta Ads,30337,577,34,175.63,594.39
2024-05-22,C005,Loyalty Program Boost,TikTok Ads,42390,904,28,203.59,367.79
2024-05-23,C001,Back to School Promo,Facebook Ads,46525,1271,71,349.92,1220.47
2024-05-23,C002,Fall Discount Launch,Google Ads,44350,1064,30,246.66,566.97
2024-05-23,C003,New Arrivals Awareness,Instagram Ads,48667,629,12,118.96,164.92
2024-05-23,C004,Flash Sale Campaign,Meta Ads,33393,1047,71,235.02,1254.04
2024-05-23,C005,Loyalty Program Boost,TikTok Ads,38510,763,18,136.56,272.61
2024-05-24,C001,Back to School Promo,Facebook Ads,50219,1086,40,345.15,634.36
2024-05-24,C002,Fall Discount Launch,Google Ads,52013,990,45,304.31,954.29
2024-05-24,C003,New Arrivals Awareness,Instagram Ads,52804,721,15,126.86,193.33
2024-05-24,C004,Flash Sale Campaign,Meta Ads,30903,895,43,161.15,674.86
2024-05-24,C005,Loyalty Program Boost,TikTok Ads,48521,976,29,207.95,406.91
2024-05-25,C001,Back to School Promo,Facebook Ads,43846,902,50,274.24,964.64
2024-05-25,C002,Fall Discount Launch,Google Ads,40056,884,40,302.97,771.68
2024-05-25,C003,New Arrivals Awareness,Instagram Ads,45216,643,17,109.48,174.06
2024-05-25,C004,Flash Sale Campaign,Meta Ads,28442,860,53,230.15,829.07
2024-05-25,C005,Loyalty Program Boost,TikTok Ads,38580,528,13,114.72,152.09
2024-05-26,C001,Back to School Promo,Facebook Ads,41380,1292,58,371.78,912.44
2024-05-26,C002,Fall Discount Launch,Google Ads,36484,757,28,279.5,591.23
2024-05-26,C003,New Arrivals Awareness,Instagram Ads,43199,627,14,142.56,194.55
2024-05-26,C004,Flash Sale Campaign,Meta Ads,25473,671,30,169.56,502.39
2024-05-26,C005,Loyalty Program Boost,TikTok Ads,37380,665,19,148.96,243.79
2024-05-27,C001,Back to School Promo,Facebook Ads,60820,1154,54,401.58,972.66
2024-05-27,C002,Fall Discount Launch,Google Ads,45555,948,37,353.34,576.32
2024-05-27,C003,New Arrivals Awareness,Instagram Ads,66948,737,14,139.81,177.89
2024-05-27,C004,Flash Sale Campaign,Meta Ads,28449,913,77,198.55,1255.37
2024-05-27,C005,Loyalty Program Boost,TikTok Ads,37943,727,22,147.63,323.03
2024-05-28,C001,Back to School Promo,Facebook Ads,60361,1466,75,346.78,1220.88
2024-05-28,C002,Fall Discount Launch,Google Ads,49431,1330,57,409.61,1139.92
2024-05-28,C003,New Arrivals Awareness,Instagram Ads,51624,788,19,149.05,217.28
2024-05-28,C004,Flash Sale Campaign,Meta Ads,35332,991,59,322.58,920.68
2024-05-28,C005,Loyalty Program Boost,TikTok Ads,39821,647,22,139.24,288.0
2024-05-29,C001,Back to School Promo,Facebook Ads,58870,1785,71,387.85,1406.76
2024-05-29,C002,Fall Discount Launch,Google Ads,44713,1100,27,389.7,474.6
2024-05-29,C003,New Arrivals Awareness,Instagram Ads,64384,903,15,171.78,192.35
2024-05-29,C004,Flash Sale Campaign,Meta Ads,35370,1154,97,243.72,1802.99
2024-05-29,C005,Loyalty Program Boost,TikTok Ads,42438,661,15,142.12,229.35
2024-05-30,C001,Back to School Promo,Facebook Ads,52190,1601,51,447.63,803.03
2024-05-30,C002,Fall Discount Launch,Google Ads,50572,1261,46,277.42,938.3
2024-05-30,C003,New Arrivals Awareness,Instagram Ads,63661,945,24,164.71,307.59
2024-05-30,C004,Flash Sale Campaign,Meta Ads,39825,876,56,213.98,888.7
2024-05-30,C005,Loyalty Program Boost,TikTok Ads,44183,737,19,162.8,237.08
2024-05-31,C001,Back to School Promo,Facebook Ads,47862,1318,46,398.55,866.3
2024-05-31,C002,Fall Discount Launch,Google Ads,41008,810,40,228.68,762.85
2024-05-31,C003,New Arrivals Awareness,Instagram Ads,64814,1014,19,188.26,260.43
2024-05-31,C004,Flash Sale Campaign,Meta Ads,42423,1460,89,342.78,1305.74
2024-05-31,C005,Loyalty Program Boost,TikTok Ads,45632,873,34,207.05,404.45
2024-06-01,C001,Back to School Promo,Facebook Ads,51146,1087,45,313.5,971.65
2024-06-01,C002,Fall Discount Launch,Google Ads,56003,1344,52,457.67,1132.32
2024-06-01,C003,New Arrivals Awareness,Instagram Ads,51685,918,19,194.57,243.18
2024-06-01,C004,Flash Sale Campaign,Meta Ads,32462,1096,58,265.87,825.91
2024-06-01,C005,Loyalty Program Boost,TikTok Ads,39021,784,26,207.14,363.8
2024-06-02,C001,Back to School Promo,Facebook Ads,49959,1044,43,316.72,839.72
2024-06-02,C002,Fall Discount Launch,Google Ads,41954,913,25,279.64,544.52
2024-06-02,C003,New Arrivals Awareness,Instagram Ads,57139,860,17,172.15,190.53
2024-06-02,C004,Flash Sale Campaign,Meta Ads,33721,1076,71,262.1,891.38
2024-06-02,C005,Loyalty Program Boost,TikTok Ads,41972,701,17,167.05,228.67
2024-06-03,C001,Back to School Promo,Facebook Ads,61496,1680,86,393.29,1735.61
2024-06-03,C002,Fall Discount Launch,Google Ads,52666,1094,45,275.46,936.78
2024-06-03,C003,New Arrivals Awareness,Instagram Ads,57552,642,9,145.54,101.2
2024-06-03,C004,Flash Sale Campaign,Meta Ads,43164,1191,47,268.17,844.93
2024-06-03,C005,Loyalty Program Boost,TikTok Ads,44209,730,23,170.27,357.98
2024-06-04,C001,Back to School Promo,Facebook Ads,64061,1515,50,403.15,923.43
2024-06-04,C002,Fall Discount Launch,Google Ads,46674,879,38,279.64,762.49
2024-06-04,C003,New Arrivals Awareness,Instagram Ads,59667,806,13,178.42,172.15
2024-06-04,C004,Flash Sale Campaign,Meta Ads,30709,793,33,190.1,523.59
2024-06-04,C005,Loyalty Program Boost,TikTok Ads,38643,599,14,135.06,197.36
2024-06-05,C001,Back to School Promo,Facebook Ads,52085,1337,54,362.16,1134.66
2024-06-05,C002,Fall Discount Launch,Google Ads,58765,1041,49,365.56,867.47
2024-06-05,C003,New Arrivals Awareness,Instagram Ads,70077,1207,19,214.82,251.2
2024-06-05,C004,Flash Sale Campaign,Meta Ads,38810,1261,81,343.23,1124.09
2024-06-05,C005,Loyalty Program Boost,TikTok Ads,50090,1060,30,231.98,355.69
2024-06-06,C001,Back to School Promo,Facebook Ads,59024,1602,71,509.08,1235.3
2024-06-06,C002,Fall Discount Launch,Google Ads,54744,1020,41,319.57,838.48
2024-06-06,C003,New Arrivals Awareness,Instagram Ads,62380,856,20,162.23,201.44
2024-06-06,C004,Flash Sale Campaign,Meta Ads,44395,1608,72,452.68,1094.06
2024-06-06,C005,Loyalty Program Boost,TikTok Ads,46536,875,25,174.4,325.83
2024-06-07,C001,Back to School Promo,Facebook Ads,50829,1112,49,284.62,942.16
2024-06-07,C002,Fall Discount Launch,Google Ads,59333,1192,50,404.31,1047.2
2024-06-07,C003,New Arrivals Awareness,Instagram Ads,65055,1012,22,172.34,286.95
2024-06-07,C004,Flash Sale Campaign,Meta Ads,41004,1089,66,306.36,1033.9
2024-06-07,C005,Loyalty Program Boost,TikTok Ads,50044,1220,31,223.92,447.19
2024-06-08,C001,Back to School Promo,Facebook Ads,50672,1223,71,287.43,1366.56
2024-06-08,C002,Fall Discount Launch,Google Ads,40983,1134,63,329.5,1190.76
2024-06-08,C003,New Arrivals Awareness,Instagram Ads,59221,781,15,156.68,145.45
2024-06-08,C004,Flash Sale Campaign,Meta Ads,31767,854,46,260.51,643.52
2024-06-08,C005,Loyalty Program Boost,TikTok Ads,41277,712,20,171.5,289.52
2024-06-09,C001,Back to School Promo,Facebook Ads,49499,1417,60,367.61,962.8
2024-06-09,C002,Fall Discount Launch,Google Ads,39657,1258,63,337.29,1093.37
2024-06-09,C003,New Arrivals Awareness,Instagram Ads,56635,858,19,166.35,225.14
2024-06-09,C004,Flash Sale Campaign,Meta Ads,32552,989,33,250.05,483.05
2024-06-09,C005,Loyalty Program Boost,TikTok Ads,38485,1003,32,212.36,489.3
2024-06-10,C001,Back to School Promo,Facebook Ads,57073,1517,77,529.58,1229.26
2024-06-10,C002,Fall Discount Launch,Google Ads,52637,997,44,283.87,843.27
2024-06-10,C003,New Arrivals Awareness,Instagram Ads,60967,978,23,166.36,277.52
2024-06-10,C004,Flash Sale Campaign,Meta Ads,34045,829,48,207.56,954.37
2024-06-10,C005,Loyalty Program Boost,TikTok Ads,45878,655,17,161.76,287.7
2024-06-11,C001,Back to School Promo,Facebook Ads,45176,811,50,237.7,821.85
2024-06-11,C002,Fall Discount Launch,Google Ads,52211,695,28,231.15,611.76
2024-06-11,C003,New Arrivals Awareness,Instagram Ads,55671,789,13,162.64,142.03
2024-06-11,C004,Flash Sale Campaign,Meta Ads,34664,885,60,253.8,937.48
2024-06-11,C005,Loyalty Program Boost,TikTok Ads,43532,613,17,134.05,300.37
2024-06-12,C001,Back to School Promo,Facebook Ads,46986,1433,77,414.75,1629.74
2024-06-12,C002,Fall Discount Launch,Google Ads,50614,1179,47,432.68,1043.07
2024-06-12,C003,New Arrivals Awareness,Instagram Ads,57181,642,12,116.07,143.09
2024-06-12,C004,Flash Sale Campaign,Meta Ads,39985,1117,66,292.44,1145.59
2024-06-12,C005,Loyalty Program Boost,TikTok Ads,33104,542,17,136.41,226.29
2024-06-13,C001,Back to School Promo,Facebook Ads,42241,1154,45,276.99,759.43
2024-06-13,C002,Fall Discount Launch,Google Ads,47114,942,21,333.89,473.54
2024-06-13,C003,New Arrivals Awareness,Instagram Ads,63909,742,14,148.28,178.06
2024-06-13,C004,Flash Sale Campaign,Meta Ads,37339,997,61,273.44,1118.09
2024-06-13,C005,Loyalty Program Boost,TikTok Ads,44958,905,28,232.8,408.06
2024-06-14,C001,Back to School Promo,Facebook Ads,46731,1414,73,374.87,1250.99
2024-06-14,C002,Fall Discount Launch,Google Ads,48601,1144,48,379.76,1123.2
2024-06-14,C003,New Arrivals Awareness,Instagram Ads,65324,941,22,164.88,274.51
2024-06-14,C004,Flash Sale Campaign,Meta Ads,40645,1179,59,282.55,841.14
2024-06-14,C005,Loyalty Program Boost,TikTok Ads,38060,647,14,142.61,213.68
2024-06-15,C001,Back to School Promo,Facebook Ads,38880,1194,59,375.67,992.14
2024-06-15,C002,Fall Discount Launch,Google Ads,42845,788,37,257.36,780.94
2024-06-15,C003,New Arrivals Awareness,Instagram Ads,43540,528,12,93.58,150.67
2024-06-15,C004,Flash Sale Campaign,Meta Ads,24847,840,38,232.87,646.04
2024-06-15,C005,Loyalty Program Boost,TikTok Ads,32131,629,20,129.43,251.76
2024-06-16,C001,Back to School Promo,Facebook Ads,33854,891,28,252.33,490.72
2024-06-16,C002,Fall Discount Launch,Google Ads,41522,872,33,303.55,682.11
2024-06-16,C003,New Arrivals Awareness,Instagram Ads,50138,751,10,163.84,127.35
2024-06-16,C004,Flash Sale Campaign,Meta Ads,25468,736,44,188.27,727.5
2024-06-16,C005,Loyalty Program Boost,TikTok Ads,38890,814,18,192.45,285.49
2024-06-17,C001,Back to School Promo,Facebook Ads,50800,1478,93,464.68,1715.73
2024-06-17,C002,Fall Discount Launch,Google Ads,49864,1121,45,343.59,1040.71
2024-06-17,C003,New Arrivals Awareness,Instagram Ads,51814,892,20,148.44,248.82
2024-06-17,C004,Flash Sale Campaign,Meta Ads,26006,853,60,206.02,971.86
2024-06-17,C005,Loyalty Program Boost,TikTok Ads,47222,786,19,203.67,318.2
2024-06-18,C001,Back to School Promo,Facebook Ads,48415,1394,80,355.54,1370.12
2024-06-18,C002,Fall Discount Launch,Google Ads,50173,1383,62,395.84,1486.4
2024-06-18,C003,New Arrivals Awareness,Instagram Ads,52877,703,15,166.82,195.37
2024-06-18,C004,Flash Sale Campaign,Meta Ads,33926,1089,66,302.1,788.88
2024-06-18,C005,Loyalty Program Boost,TikTok Ads,37930,707,16,162.75,219.42
2024-06-19,C001,Back to School Promo,Facebook Ads,56477,1745,71,479.76,1268.55
2024-06-19,C002,Fall Discount Launch,Google Ads,42344,959,33,265.24,701.1
2024-06-19,C003,New Arrivals Awareness,Instagram Ads,58924,725,17,134.01,209.16
2024-06-19,C004,Flash Sale Campaign,Meta Ads,34989,1044,68,254.62,1066.62
2024-06-19,C005,Loyalty Program Boost,TikTok Ads,38005,607,18,108.72,239.62
2024-06-20,C001,Back to School Promo,Facebook Ads,46499,1118,48,310.72,905.42
2024-06-20,C002,Fall Discount Launch,Google Ads,48044,954,29,267.11,551.74
2024-06-20,C003,New Arrivals Awareness,Instagram Ads,53282,660,10,124.78,122.18
2024-06-20,C004,Flash Sale Campaign,Meta Ads,34132,938,52,216.76,829.38
2024-06-20,C005,Loyalty Program Boost,TikTok Ads,35378,692,13,145.67,187.48
2024-06-21,C001,Back to School Promo,Facebook Ads,48742,1711,82,421.36,1461.91
2024-06-21,C002,Fall Discount Launch,Google Ads,36333,790,26,280.57,491.42
2024-06-21,C003,New Arrivals Awareness,Instagram Ads,54581,691,19,132.87,269.78
2024-06-21,C004,Flash Sale Campaign,Meta Ads,34838,1121,72,305.23,929.93
2024-06-21,C005,Loyalty Program Boost,TikTok Ads,37580,762,23,139.37,320.31
2024-06-22,C001,Back to School Promo,Facebook Ads,47796,1418,63,442.37,1092.44
2024-06-22,C002,Fall Discount Launch,Google Ads,31272,593,31,183.52,604.91
2024-06-22,C003,New Arrivals Awareness,Instagram Ads,45706,823,22,208.43,259.8
2024-06-22,C004,Flash Sale Campaign,Meta Ads,28299,656,51,146.66,833.69
2024-06-22,C005,Loyalty Program Boost,TikTok Ads,29364,482,12,98.3,158.94
2024-06-23,C001,Back to School Promo,Facebook Ads,38882,1094,38,314.43,767.31
2024-06-23,C002,Fall Discount Launch,Google Ads,36024,707,27,258.27,550.48
2024-06-23,C003,New Arrivals Awareness,Instagram Ads,44945,675,11,146.04,137.39
2024-06-23,C004,Flash Sale Campaign,Meta Ads,26836,704,35,194.79,628.82
2024-06-23,C005,Loyalty Program Boost,TikTok Ads,31109,598,10,122.33,139.57
2024-06-24,C001,Back to School Promo,Facebook Ads,44459,955,37,276.78,653.52
2024-06-24,C002,Fall Discount Launch,Google Ads,35041,526,18,177.56,261.09
2024-06-24,C003,New Arrivals Awareness,Instagram Ads,53612,691,18,131.81,224.27
2024-06-24,C004,Flash Sale Campaign,Meta Ads,33384,681,47,181.64,790.22
2024-06-24,C005,Loyalty Program Boost,TikTok Ads,55012,681,27,144.65,388.86
2024-06-25,C001,Back to School Promo,Facebook Ads,49329,1155,46,336.19,702.38
2024-06-25,C002,Fall Discount Launch,Google Ads,49176,1014,31,306.96,697.94
2024-06-25,C003,New Arrivals Awareness,Instagram Ads,54117,798,14,174.12,179.52
2024-06-25,C004,Flash Sale Campaign,Meta Ads,39520,1154,78,303.57,1409.72
2024-06-25,C005,Loyalty Program Boost,TikTok Ads,37147,743,21,162.2,296.7
2024-06-26,C001,Back to School Promo,Facebook Ads,51576,1267,59,421.94,1166.65
2024-06-26,C002,Fall Discount Launch,Google Ads,50474,1035,34,369.17,739.57
2024-06-26,C003,New Arrivals Awareness,Instagram Ads,66596,848,16,136.23,184.46
2024-06-26,C004,Flash Sale Campaign,Meta Ads,37235,1039,70,263.96,1156.29
2024-06-26,C005,Loyalty Program Boost,TikTok Ads,35969,656,8,141.08,93.74
2024-06-27,C001,Back to School Promo,Facebook Ads,57301,1600,79,529.77,1287.06
2024-06-27,C002,Fall Discount Launch,Google Ads,55449,1390,53,505.41,942.73
2024-06-27,C003,New Arrivals Awareness,Instagram Ads,54137,689,12,120.33,161.61
2024-06-27,C004,Flash Sale Campaign,Meta Ads,33526,1059,56,215.19,920.2
2024-06-27,C005,Loyalty Program Boost,TikTok Ads,33403,595,13,162.12,198.59
2024-06-28,C001,Back to School Promo,Facebook Ads,52549,1563,58,466.18,1064.86
2024-06-28,C002,Fall Discount Launch,Google Ads,49267,1291,59,427.43,984.72
2024-06-28,C003,New Arrivals Awareness,Instagram Ads,54239,745,15,128.79,223.41
2024-06-28,C004,Flash Sale Campaign,Meta Ads,40307,1318,80,333.95,1158.15
2024-06-28,C005,Loyalty Program Boost,TikTok Ads,42325,791,18,181.0,248.09
2024-06-29,C001,Back to School Promo,Facebook Ads,36362,792,33,271.99,627.06
2024-06-29,C002,Fall Discount Launch,Google Ads,35939,848,23,306.62,438.33
2024-06-29,C003,New Arrivals Awareness,Instagram Ads,51362,862,13,143.5,146.9
2024-06-29,C004,Flash Sale Campaign,Meta Ads,33385,773,20,190.1,337.66
2024-06-29,C005,Loyalty Program Boost,TikTok Ads,40650,681,19,170.57,216.26
2024-06-30,C001,Back to School Promo,Facebook Ads,43865,1128,55,296.52,993.41
2024-06-30,C002,Fall Discount Launch,Google Ads,31644,627,27,176.99,543.19
2024-06-30,C003,New Arrivals Awareness,Instagram Ads,55012,731,15,129.31,176.28
2024-06-30,C004,Flash Sale Campaign,Meta Ads,32592,1001,53,267.26,908.6
2024-06-30,C005,Loyalty Program Boost,TikTok Ads,29305,619,17,143.13,266.49
2024-07-01,C001,Back to School Promo,Facebook Ads,46977,1049,44,266.1,929.41
2024-07-01,C002,Fall Discount Launch,Google Ads,45951,927,39,253.85,749.14
2024-07-01,C003,New Arrivals Awareness,Instagram Ads,64815,862,17,161.45,173.1
2024-07-01,C004,Flash Sale Campaign,Meta Ads,37824,1433,86,382.65,1471.32
2024-07-01,C005,Loyalty Program Boost,TikTok Ads,38393,868,27,228.35,350.29
2024-07-02,C001,Back to School Promo,Facebook Ads,65107,1817,91,523.05,1597.29
2024-07-02,C002,Fall Discount Launch,Google Ads,56958,1279,31,354.41,608.48
2024-07-02,C003,New Arrivals Awareness,Instagram Ads,65537,910,23,139.39,279.96
2024-07-02,C004,Flash Sale Campaign,Meta Ads,30339,1014,60,276.92,877.07
2024-07-02,C005,Loyalty Program Boost,TikTok Ads,50190,1045,35,226.33,518.41
2024-07-03,C001,Back to School Promo,Facebook Ads,51672,1458,87,460.69,1451.74
2024-07-03,C002,Fall Discount Launch,Google Ads,53180,943,42,318.08,682.94
2024-07-03,C003,New Arrivals Awareness,Instagram Ads,56703,760,14,129.94,174.53
2024-07-03,C004,Flash Sale Campaign,Meta Ads,38366,1117,57,326.97,1062.97
2024-07-03,C005,Loyalty Program Boost,TikTok Ads,42738,699,23,147.17,317.51
2024-07-04,C001,Back to School Promo,Facebook Ads,60095,1072,61,302.78,1052.82
2024-07-04,C002,Fall Discount Launch,Google Ads,51191,1120,29,422.69,582.4
2024-07-04,C003,New Arrivals Awareness,Instagram Ads,67425,1079,17,228.06,198.54
2024-07-04,C004,Flash Sale Campaign,Meta Ads,40852,835,49,201.4,817.89
2024-07-04,C005,Loyalty Program Boost,TikTok Ads,47319,761,20,165.2,254.89
2024-07-05,C001,Back to School Promo,Facebook Ads,60863,1437,27,384.26,435.53
2024-07-05,C002,Fall Discount Launch,Google Ads,43365,777,32,288.28,660.04
2024-07-05,C003,New Arrivals Awareness,Instagram Ads,60845,910,17,166.83,180.45
2024-07-05,C004,Flash Sale Campaign,Meta Ads,31165,880,54,226.15,828.06
2024-07-05,C005,Loyalty Program Boost,TikTok Ads,41053,806,18,193.83,226.74
2024-07-06,C001,Back to School Promo,Facebook Ads,44126,860,35,268.98,662.48
2024-07-06,C002,Fall Discount Launch,Google Ads,48355,1147,36,352.47,663.83
2024-07-06,C003,New Arrivals Awareness,Instagram Ads,62383,717,17,158.77,241.32
2024-07-06,C004,Flash Sale Campaign,Meta Ads,30801,1023,89,246.27,1205.41
2024-07-06,C005,Loyalty Program Boost,TikTok Ads,31294,624,12,131.15,175.35
2024-07-07,C001,Back to School Promo,Facebook Ads,48443,1288,61,415.99,993.44
2024-07-07,C002,Fall Discount Launch,Google Ads,40931,796,37,282.24,773.39
2024-07-07,C003,New Arrivals Awareness,Instagram Ads,61375,707,19,167.25,244.77
2024-07-07,C004,Flash Sale Campaign,Meta Ads,37717,850,46,201.5,789.1
2024-07-07,C005,Loyalty Program Boost,TikTok Ads,34381,689,26,164.23,374.33
2024-07-08,C001,Back to School Promo,Facebook Ads,50109,1094,62,334.97,1111.65
2024-07-08,C002,Fall Discount Launch,Google Ads,49180,753,24,296.23,418.54
2024-07-08,C003,New Arrivals Awareness,Instagram Ads,65372,1054,16,215.47,210.01
2024-07-08,C004,Flash Sale Campaign,Meta Ads,37471,1608,64,471.2,1006.31
2024-07-08,C005,Loyalty Program Boost,TikTok Ads,48376,928,24,209.77,273.57
2024-07-09,C001,Back to School Promo,Facebook Ads,58414,1526,77,481.53,1436.95
2024-07-09,C002,Fall Discount Launch,Google Ads,51606,985,34,360.09,777.67
2024-07-09,C003,New Arrivals Awareness,Instagram Ads,62053,875,14,199.63,179.18
2024-07-09,C004,Flash Sale Campaign,Meta Ads,44278,1153,64,308.11,1090.2
2024-07-09,C005,Loyalty Program Boost,TikTok Ads,43537,681,24,162.78,305.21
2024-07-10,C001,Back to School Promo,Facebook Ads,61824,1817,84,513.62,1595.77
2024-07-10,C002,Fall Discount Launch,Google Ads,45926,1015,23,358.96,388.17
2024-07-10,C003,New Arrivals Awareness,Instagram Ads,72266,962,18,177.91,209.78
2024-07-10,C004,Flash Sale Campaign,Meta Ads,41844,787,59,212.92,830.06
2024-07-10,C005,Loyalty Program Boost,TikTok Ads,39246,884,22,167.56,343.03
2024-07-11,C001,Back to School Promo,Facebook Ads,55509,1192,56,292.68,1118.96
2024-07-11,C002,Fall Discount Launch,Google Ads,54822,1302,56,504.69,1119.96
2024-07-11,C003,New Arrivals Awareness,Instagram Ads,54630,816,23,143.33,266.02
2024-07-11,C004,Flash Sale Campaign,Meta Ads,37643,1120,54,330.4,1064.45
2024-07-11,C005,Loyalty Program Boost,TikTok Ads,44217,688,14,156.05,217.64
2024-07-12,C001,Back to School Promo,Facebook Ads,55376,1384,55,336.73,1072.64
2024-07-12,C002,Fall Discount Launch,Google Ads,53257,900,47,307.84,1071.56
2024-07-12,C003,New Arrivals Awareness,Instagram Ads,52811,588,11,124.7,155.71
2024-07-12,C004,Flash Sale Campaign,Meta Ads,38094,1101,52,328.51,751.74
2024-07-12,C005,Loyalty Program Boost,TikTok Ads,49651,856,34,203.66,469.48
2024-07-13,C001,Back to School Promo,Facebook Ads,41904,994,49,280.9,829.63
2024-07-13,C002,Fall Discount Launch,Google Ads,40124,893,21,301.47,378.85
2024-07-13,C003,New Arrivals Awareness,Instagram Ads,45118,472,6,79.05,66.9
2024-07-13,C004,Flash Sale Campaign,Meta Ads,35560,983,61,267.86,988.79
2024-07-13,C005,Loyalty Program Boost,TikTok Ads,35423,523,20,140.01,232.89
2024-07-14,C001,Back to School Promo,Facebook Ads,39013,934,34,277.4,567.43
2024-07-14,C002,Fall Discount Launch,Google Ads,48807,1266,53,455.05,1177.23
2024-07-14,C003,New Arrivals Awareness,Instagram Ads,47323,581,12,128.21,146.0
2024-07-14,C004,Flash Sale Campaign,Meta Ads,24641,650,38,167.47,727.93
2024-07-14,C005,Loyalty Program Boost,TikTok Ads,30240,586,23,164.06,308.98
2024-07-15,C001,Back to School Promo,Facebook Ads,52780,1432,67,396.2,1258.58
2024-07-15,C002,Fall Discount Launch,Google Ads,34678,841,34,261.94,819.19
2024-07-15,C003,New Arrivals Awareness,Instagram Ads,54129,712,20,128.18,226.8
2024-07-15,C004,Flash Sale Campaign,Meta Ads,33363,1127,70,247.57,1060.4
2024-07-15,C005,Loyalty Program Boost,TikTok Ads,38165,679,22,156.88,253.3
2024-07-16,C001,Back to School Promo,Facebook Ads,54827,1423,82,419.68,1638.56
2024-07-16,C002,Fall Discount Launch,Google Ads,47877,1266,56,400.36,1374.51
2024-07-16,C003,New Arrivals Awareness,Instagram Ads,62262,947,14,160.12,172.92
2024-07-16,C004,Flash Sale Campaign,Meta Ads,33839,922,57,285.42,975.42
2024-07-16,C005,Loyalty Program Boost,TikTok Ads,35458,628,16,131.73,214.74
2024-07-17,C001,Back to School Promo,Facebook Ads,46572,945,41,246.8,521.81
2024-07-17,C002,Fall Discount Launch,Google Ads,54414,1393,52,446.77,918.15
2024-07-17,C003,New Arrivals Awareness,Instagram Ads,66002,1187,24,266.56,293.05
2024-07-17,C004,Flash Sale Campaign,Meta Ads,28518,803,49,197.39,766.86
2024-07-17,C005,Loyalty Program Boost,TikTok Ads,39141,696,21,133.63,272.92
2024-07-18,C001,Back to School Promo,Facebook Ads,42180,1209,31,385.38,635.36
2024-07-18,C002,Fall Discount Launch,Google Ads,43324,581,22,184.49,395.53
2024-07-18,C003,New Arrivals Awareness,Instagram Ads,52965,912,21,162.16,211.74
2024-07-18,C004,Flash Sale Campaign,Meta Ads,31509,915,60,222.62,1009.1
2024-07-18,C005,Loyalty Program Boost,TikTok Ads,46654,942,28,202.69,378.02
2024-07-19,C001,Back to School Promo,Facebook Ads,53715,1217,55,342.85,940.32
2024-07-19,C002,Fall Discount Launch,Google Ads,38261,883,35,299.52,662.65
2024-07-19,C003,New Arrivals Awareness,Instagram Ads,62202,756,20,119.49,250.43
2024-07-19,C004,Flash Sale Campaign,Meta Ads,33874,895,58,268.43,722.28
2024-07-19,C005,Loyalty Program Boost,TikTok Ads,40755,459,11,120.72,145.04
2024-07-20,C001,Back to School Promo,Facebook Ads,35907,871,55,190.27,885.92
2024-07-20,C002,Fall Discount Launch,Google Ads,43177,1215,48,330.99,1161.2
2024-07-20,C003,New Arrivals Awareness,Instagram Ads,54427,840,14,167.01,165.31
2024-07-20,C004,Flash Sale Campaign,Meta Ads,28289,1033,73,233.86,1328.77
2024-07-20,C005,Loyalty Program Boost,TikTok Ads,33888,673,26,128.31,362.7
2024-07-21,C001,Back to School Promo,Facebook Ads,38521,737,35,268.55,514.08
2024-07-21,C002,Fall Discount Launch,Google Ads,37432,903,37,285.04,643.86
2024-07-21,C003,New Arrivals Awareness,Instagram Ads,48035,596,7,136.29,92.05
2024-07-21,C004,Flash Sale Campaign,Meta Ads,27524,854,62,228.02,1081.68
2024-07-21,C005,Loyalty Program Boost,TikTok Ads,31882,687,22,154.66,268.88
2024-07-22,C001,Back to School Promo,Facebook Ads,49422,1081,42,273.06,675.39
2024-07-22,C002,Fall Discount Launch,Google Ads,53770,1419,79,387.44,1591.26
2024-07-22,C003,New Arrivals Awareness,Instagram Ads,48264,605,10,139.0,115.25
2024-07-22,C004,Flash Sale Campaign,Meta Ads,35791,1171,103,250.41,1855.52
2024-07-22,C005,Loyalty Program Boost,TikTok Ads,43253,665,24,152.2,328.36
2024-07-23,C001,Back to School Promo,Facebook Ads,44409,990,63,277.22,1222.69
2024-07-23,C002,Fall Discount Launch,Google Ads,41141,799,39,214.27,747.61
2024-07-23,C003,New Arrivals Awareness,Instagram Ads,56033,798,15,167.18,192.47
2024-07-23,C004,Flash Sale Campaign,Meta Ads,34968,894,51,265.77,889.0
2024-07-23,C005,Loyalty Program Boost,TikTok Ads,33723,639,12,141.37,199.88
2024-07-24,C001,Back to School Promo,Facebook Ads,44272,968,50,220.86,843.05
2024-07-24,C002,Fall Discount Launch,Google Ads,47839,952,36,331.85,750.35
2024-07-24,C003,New Arrivals Awareness,Instagram Ads,57938,770,17,151.71,213.34
2024-07-24,C004,Flash Sale Campaign,Meta Ads,31283,913,44,236.38,646.91
2024-07-24,C005,Loyalty Program Boost,TikTok Ads,35102,656,21,157.88,281.32
2024-07-25,C001,Back to School Promo,Facebook Ads,51576,1396,68,352.15,1242.28
2024-07-25,C002,Fall Discount Launch,Google Ads,47408,1044,24,340.51,586.2
2024-07-25,C003,New Arrivals Awareness,Instagram Ads,55119,687,15,142.55,201.47
2024-07-25,C004,Flash Sale Campaign,Meta Ads,29158,971,65,248.15,1075.22
2024-07-25,C005,Loyalty Program Boost,TikTok Ads,44145,899,21,217.25,292.1
2024-07-26,C001,Back to School Promo,Facebook Ads,50674,1281,56,409.97,999.56
2024-07-26,C002,Fall Discount Launch,Google Ads,41239,854,35,313.59,742.22
2024-07-26,C003,New Arrivals Awareness,Instagram Ads,53110,1021,22,235.45,259.99
2024-07-26,C004,Flash Sale Campaign,Meta Ads,35667,1205,90,353.05,1565.6
2024-07-26,C005,Loyalty Program Boost,TikTok Ads,39353,648,21,158.52,287.45
2024-07-27,C001,Back to School Promo,Facebook Ads,48094,1464,54,368.75,958.36
2024-07-27,C002,Fall Discount Launch,Google Ads,41355,838,43,281.81,863.39
2024-07-27,C003,New Arrivals Awareness,Instagram Ads,42950,483,10,71.88,132.15
2024-07-27,C004,Flash Sale Campaign,Meta Ads,28792,1284,113,326.57,1788.77
2024-07-27,C005,Loyalty Program Boost,TikTok Ads,38601,872,18,150.72,236.32
2024-07-28,C001,Back to School Promo,Facebook Ads,46775,1257,69,301.29,954.33
2024-07-28,C002,Fall Discount Launch,Google Ads,44300,854,20,278.04,431.73
2024-07-28,C003,New Arrivals Awareness,Instagram Ads,50377,657,13,125.56,134.97
2024-07-28,C004,Flash Sale Campaign,Meta Ads,27623,893,57,236.86,821.24
2024-07-28,C005,Loyalty Program Boost,TikTok Ads,35052,425,13,109.53,155.17
2024-07-29,C001,Back to School Promo,Facebook Ads,49767,1306,73,346.01,1223.04
2024-07-29,C002,Fall Discount Launch,Google Ads,39190,876,49,289.65,977.82
2024-07-29,C003,New Arrivals Awareness,Instagram Ads,62962,880,15,193.39,184.06
2024-07-29,C004,Flash Sale Campaign,Meta Ads,35644,913,69,256.31,1042.96
2024-07-29,C005,Loyalty Program Boost,TikTok Ads,46976,782,20,156.36,230.41
2024-07-30,C001,Back to School Promo,Facebook Ads,56223,1020,35,214.47,624.58
2024-07-30,C002,Fall Discount Launch,Google Ads,48816,1021,32,280.76,669.72
2024-07-30,C003,New Arrivals Awareness,Instagram Ads,58541,858,14,175.33,189.9
2024-07-30,C004,Flash Sale Campaign,Meta Ads,38257,1077,68,271.93,1088.86
2024-07-30,C005,Loyalty Program Boost,TikTok Ads,41954,737,23,142.81,289.29
2024-07-31,C001,Back to School Promo,Facebook Ads,46885,891,30,254.25,491.79
2024-07-31,C002,Fall Discount Launch,Google Ads,52838,1168,28,403.14,605.4
2024-07-31,C003,New Arrivals Awareness,Instagram Ads,56577,842,14,170.37,146.76
2024-07-31,C004,Flash Sale Campaign,Meta Ads,30074,850,50,210.45,705.28
2024-07-31,C005,Loyalty Program Boost,TikTok Ads,42216,791,24,177.83,313.48
2024-08-01,C001,Back to School Promo,Facebook Ads,61546,1267,63,405.07,1188.53
2024-08-01,C002,Fall Discount Launch,Google Ads,49823,1009,49,267.75,884.93
2024-08-01,C003,New Arrivals Awareness,Instagram Ads,61039,1013,22,179.06,255.81
2024-08-01,C004,Flash Sale Campaign,Meta Ads,34802,933,67,202.65,1244.46
2024-08-01,C005,Loyalty Program Boost,TikTok Ads,48182,1009,27,217.99,323.83
2024-08-02,C001,Back to School Promo,Facebook Ads,52685,1415,80,343.56,1387.37
2024-08-02,C002,Fall Discount Launch,Google Ads,50548,879,39,256.84,764.76
2024-08-02,C003,New Arrivals Awareness,Instagram Ads,61257,756,15,147.29,173.31
2024-08-02,C004,Flash Sale Campaign,Meta Ads,34698,1091,87,288.42,1530.66
2024-08-02,C005,Loyalty Program Boost,TikTok Ads,38666,712,17,128.88,220.4
2024-08-03,C001,Back to School Promo,Facebook Ads,53231,1520,72,347.32,1270.56
2024-08-03,C002,Fall Discount Launch,Google Ads,45228,1021,26,291.81,516.67
2024-08-03,C003,New Arrivals Awareness,Instagram Ads,57823,543,11,110.46,143.21
2024-08-03,C004,Flash Sale Campaign,Meta Ads,34231,1117,56,223.93,860.78
2024-08-03,C005,Loyalty Program Boost,TikTok Ads,42264,920,32,212.83,465.01
2024-08-04,C001,Back to School Promo,Facebook Ads,45063,1105,66,274.4,1379.84
2024-08-04,C002,Fall Discount Launch,Google Ads,42627,1124,32,384.97,592.85
2024-08-04,C003,New Arrivals Awareness,Instagram Ads,47265,683,16,122.75,163.22
2024-08-04,C004,Flash Sale Campaign,Meta Ads,31821,942,63,272.83,1002.01
2024-08-04,C005,Loyalty Program Boost,TikTok Ads,45691,850,24,150.84,327.17
2024-08-05,C001,Back to School Promo,Facebook Ads,54248,1552,76,373.06,1391.56
2024-08-05,C002,Fall Discount Launch,Google Ads,55298,1495,70,522.08,1408.41
2024-08-05,C003,New Arrivals Awareness,Instagram Ads,67288,1119,16,214.42,177.17
2024-08-05,C004,Flash Sale Campaign,Meta Ads,39217,1394,74,258.48,1135.19
2024-08-05,C005,Loyalty Program Boost,TikTok Ads,49483,963,31,204.74,378.49
2024-08-06,C001,Back to School Promo,Facebook Ads,58839,1287,83,385.03,1407.25
2024-08-06,C002,Fall Discount Launch,Google Ads,48494,1052,40,381.76,814.91
2024-08-06,C003,New Arrivals Awareness,Instagram Ads,59841,1075,22,234.84,247.94
2024-08-06,C004,Flash Sale Campaign,Meta Ads,39030,1226,46,395.85,830.99
2024-08-06,C005,Loyalty Program Boost,TikTok Ads,43400,652,21,144.93,304.46
2024-08-07,C001,Back to School Promo,Facebook Ads,56667,1524,88,455.81,1417.73
2024-08-07,C002,Fall Discount Launch,Google Ads,58318,1599,104,442.7,2130.52
2024-08-07,C003,New Arrivals Awareness,Instagram Ads,50798,770,14,189.55,154.99
2024-08-07,C004,Flash Sale Campaign,Meta Ads,31103,867,31,245.74,393.57
2024-08-07,C005,Loyalty Program Boost,TikTok Ads,45037,558,16,146.97,232.08
2024-08-08,C001,Back to School Promo,Facebook Ads,50334,1252,57,370.44,885.76
2024-08-08,C002,Fall Discount Launch,Google Ads,53867,704,25,212.08,531.67
2024-08-08,C003,New Arrivals Awareness,Instagram Ads,63710,704,11,144.16,130.96
2024-08-08,C004,Flash Sale Campaign,Meta Ads,34933,972,66,237.02,1046.7
2024-08-08,C005,Loyalty Program Boost,TikTok Ads,54152,767,14,184.61,182.7
2024-08-09,C001,Back to School Promo,Facebook Ads,52712,1163,50,388.11,972.19
2024-08-09,C002,Fall Discount Launch,Google Ads,54590,946,29,199.59,533.06
2024-08-09,C003,New Arrivals Awareness,Instagram Ads,68831,1038,20,207.04,223.47
2024-08-09,C004,Flash Sale Campaign,Meta Ads,37396,1251,51,336.96,892.09
2024-08-09,C005,Loyalty Program Boost,TikTok Ads,42149,838,39,182.05,567.47
2024-08-10,C001,Back to School Promo,Facebook Ads,42269,1085,53,310.9,856.72
2024-08-10,C002,Fall Discount Launch,Google Ads,42996,1153,50,411.55,976.3
2024-08-10,C003,New Arrivals Awareness,Instagram Ads,56608,826,13,171.51,140.53
2024-08-10,C004,Flash Sale Campaign,Meta Ads,28773,888,56,197.93,990.44
2024-08-10,C005,Loyalty Program Boost,TikTok Ads,38970,627,13,135.54,173.88
2024-08-11,C001,Back to School Promo,Facebook Ads,45443,1074,29,286.71,506.05
2024-08-11,C002,Fall Discount Launch,Google Ads,44106,869,46,214.29,1040.63
2024-08-11,C003,New Arrivals Awareness,Instagram Ads,50685,801,16,182.11,184.56
2024-08-11,C004,Flash Sale Campaign,Meta Ads,26922,980,57,261.57,1024.61
2024-08-11,C005,Loyalty Program Boost,TikTok Ads,32548,638,17,138.13,239.72
2024-08-12,C001,Back to School Promo,Facebook Ads,44198,976,56,302.34,1001.69
2024-08-12,C002,Fall Discount Launch,Google Ads,49166,1034,53,322.92,1084.58
2024-08-12,C003,New Arrivals Awareness,Instagram Ads,66876,827,22,135.02,307.02
2024-08-12,C004,Flash Sale Campaign,Meta Ads,33695,974,36,239.42,516.11
2024-08-12,C005,Loyalty Program Boost,TikTok Ads,39447,695,25,156.71,360.77
2024-08-13,C001,Back to School Promo,Facebook Ads,45533,988,60,252.23,1258.87
2024-08-13,C002,Fall Discount Launch,Google Ads,46054,1014,49,374.0,969.14
2024-08-13,C003,New Arrivals Awareness,Instagram Ads,56711,787,17,174.23,204.09
2024-08-13,C004,Flash Sale Campaign,Meta Ads,36547,1366,88,368.44,1194.14
2024-08-13,C005,Loyalty Program Boost,TikTok Ads,30436,580,17,119.72,243.8
2024-08-14,C001,Back to School Promo,Facebook Ads,50004,1462,67,372.67,1325.41
2024-08-14,C002,Fall Discount Launch,Google Ads,45429,1078,39,318.06,786.57
2024-08-14,C003,New Arrivals Awareness,Instagram Ads,58122,872,17,135.97,195.17
2024-08-14,C004,Flash Sale Campaign,Meta Ads,36549,1048,60,304.73,891.65
2024-08-14,C005,Loyalty Program Boost,TikTok Ads,34364,604,16,117.47,220.07
2024-08-15,C001,Back to School Promo,Facebook Ads,51990,1298,62,442.53,1077.73
2024-08-15,C002,Fall Discount Launch,Google Ads,47016,955,32,284.15,609.36
2024-08-15,C003,New Arrivals Awareness,Instagram Ads,59234,1121,19,212.99,226.56
2024-08-15,C004,Flash Sale Campaign,Meta Ads,34674,1081,82,199.22,998.83
2024-08-15,C005,Loyalty Program Boost,TikTok Ads,38040,797,16,112.06,236.79
2024-08-16,C001,Back to School Promo,Facebook Ads,50100,1048,38,259.29,691.56
2024-08-16,C002,Fall Discount Launch,Google Ads,42318,1000,17,287.1,301.71
2024-08-16,C003,New Arrivals Awareness,Instagram Ads,54986,708,16,110.01,192.87
2024-08-16,C004,Flash Sale Campaign,Meta Ads,34757,1333,72,360.07,944.2
2024-08-16,C005,Loyalty Program Boost,TikTok Ads,30054,610,18,153.18,217.39
2024-08-17,C001,Back to School Promo,Facebook Ads,43276,1385,68,400.67,1225.05
2024-08-17,C002,Fall Discount Launch,Google Ads,32008,847,30,287.45,506.22
2024-08-17,C003,New Arrivals Awareness,Instagram Ads,41868,712,13,167.23,154.78
2024-08-17,C004,Flash Sale Campaign,Meta Ads,22588,768,41,216.42,657.65
2024-08-17,C005,Loyalty Program Boost,TikTok Ads,28099,518,22,120.7,306.23
2024-08-18,C001,Back to School Promo,Facebook Ads,45228,1166,55,283.71,1013.15
2024-08-18,C002,Fall Discount Launch,Google Ads,41598,800,41,253.18,747.2
2024-08-18,C003,New Arrivals Awareness,Instagram Ads,51820,694,16,133.94,190.85
2024-08-18,C004,Flash Sale Campaign,Meta Ads,28843,903,33,203.19,577.07
2024-08-18,C005,Loyalty Program Boost,TikTok Ads,32547,540,12,103.41,134.03
2024-08-19,C001,Back to School Promo,Facebook Ads,47378,1078,39,299.37,727.55
2024-08-19,C002,Fall Discount Launch,Google Ads,53429,909,45,324.85,829.88
2024-08-19,C003,New Arrivals Awareness,Instagram Ads,56348,735,15,173.62,190.9
2024-08-19,C004,Flash Sale Campaign,Meta Ads,33853,950,40,240.82,717.22
2024-08-19,C005,Loyalty Program Boost,TikTok Ads,32754,496,15,96.23,193.36
2024-08-20,C001,Back to School Promo,Facebook Ads,45835,911,33,276.61,516.34
2024-08-20,C002,Fall Discount Launch,Google Ads,37121,739,34,230.89,648.41
2024-08-20,C003,New Arrivals Awareness,Instagram Ads,55471,573,13,119.87,149.61
2024-08-20,C004,Flash Sale Campaign,Meta Ads,35455,884,65,234.1,1005.0
2024-08-20,C005,Loyalty Program Boost,TikTok Ads,38581,683,25,130.85,323.31
2024-08-21,C001,Back to School Promo,Facebook Ads,53022,1207,64,406.88,1105.71
2024-08-21,C002,Fall Discount Launch,Google Ads,47369,862,40,282.44,837.84
2024-08-21,C003,New Arrivals Awareness,Instagram Ads,51856,545,12,82.01,139.43
2024-08-21,C004,Flash Sale Campaign,Meta Ads,35380,1092,91,318.85,1360.79
2024-08-21,C005,Loyalty Program Boost,TikTok Ads,38910,695,14,135.65,185.01
2024-08-22,C001,Back to School Promo,Facebook Ads,38542,970,41,217.08,767.83
2024-08-22,C002,Fall Discount Launch,Google Ads,47872,1089,41,373.21,875.78
2024-08-22,C003,New Arrivals Awareness,Instagram Ads,57559,706,15,161.46,169.26
2024-08-22,C004,Flash Sale Campaign,Meta Ads,39409,1089,66,260.29,1079.58
2024-08-22,C005,Loyalty Program Boost,TikTok Ads,32279,533,12,119.16,184.71
2024-08-23,C001,Back to School Promo,Facebook Ads,52068,839,53,243.24,879.92
2024-08-23,C002,Fall Discount Launch,Google Ads,45855,1035,36,339.07,676.26
2024-08-23,C003,New Arrivals Awareness,Instagram Ads,54150,680,10,138.38,127.02
2024-08-23,C004,Flash Sale Campaign,Meta Ads,34614,1166,74,283.78,1283.42
2024-08-23,C005,Loyalty Program Boost,TikTok Ads,34140,531,13,131.96,199.16
2024-08-24,C001,Back to School Promo,Facebook Ads,44174,1282,48,373.98,853.18
2024-08-24,C002,Fall Discount Launch,Google Ads,42174,912,34,310.78,739.58
2024-08-24,C003,New Arrivals Awareness,Instagram Ads,45353,629,10,88.09,122.41
2024-08-24,C004,Flash Sale Campaign,Meta Ads,30077,938,34,233.61,423.32
2024-08-24,C005,Loyalty Program Boost,TikTok Ads,38681,583,22,142.82,280.26
2024-08-25,C001,Back to School Promo,Facebook Ads,37917,998,37,282.88,633.84
2024-08-25,C002,Fall Discount Launch,Google Ads,32441,475,20,141.76,377.88
2024-08-25,C003,New Arrivals Awareness,Instagram Ads,52773,869,16,166.7,201.6
2024-08-25,C004,Flash Sale Campaign,Meta Ads,24876,771,51,216.82,657.96
2024-08-25,C005,Loyalty Program Boost,TikTok Ads,31908,499,15,116.11,241.43
2024-08-26,C001,Back to School Promo,Facebook Ads,48604,1124,62,325.92,1257.47
2024-08-26,C002,Fall Discount Launch,Google Ads,48564,883,26,229.95,554.43
2024-08-26,C003,New Arrivals Awareness,Instagram Ads,66014,1181,28,269.16,316.51
2024-08-26,C004,Flash Sale Campaign,Meta Ads,30437,1030,67,271.25,1113.53
2024-08-26,C005,Loyalty Program Boost,TikTok Ads,42636,915,35,214.45,531.44
2024-08-27,C001,Back to School Promo,Facebook Ads,54673,1272,66,296.56,1313.2
2024-08-27,C002,Fall Discount Launch,Google Ads,42266,970,32,331.01,637.83
2024-08-27,C003,New Arrivals Awareness,Instagram Ads,50431,751,13,166.08,156.02
2024-08-27,C004,Flash Sale Campaign,Meta Ads,36383,935,49,229.72,851.17
2024-08-27,C005,Loyalty Program Boost,TikTok Ads,49044,776,28,126.27,345.19
2024-08-28,C001,Back to School Promo,Facebook Ads,47796,952,29,279.77,510.83
2024-08-28,C002,Fall Discount Launch,Google Ads,50649,1230,52,424.67,1032.77
2024-08-28,C003,New Arrivals Awareness,Instagram Ads,53757,872,15,154.82,176.8
2024-08-28,C004,Flash Sale Campaign,Meta Ads,32334,909,58,246.22,844.68
2024-08-28,C005,Loyalty Program Boost,TikTok Ads,40616,849,28,233.29,438.26
2024-08-29,C001,Back to School Promo,Facebook Ads,59835,1184,61,329.41,1037.5
2024-08-29,C002,Fall Discount Launch,Google Ads,50394,1266,56,362.41,1203.16
2024-08-29,C003,New Arrivals Awareness,Instagram Ads,58002,838,16,163.2,206.71
2024-08-29,C004,Flash Sale Campaign,Meta Ads,32379,1255,48,302.9,796.43
2024-08-29,C005,Loyalty Program Boost,TikTok Ads,45900,814,24,187.9,328.24
2024-08-30,C001,Back to School Promo,Facebook Ads,62030,1746,92,432.2,1642.85
2024-08-30,C002,Fall Discount Launch,Google Ads,48747,911,39,272.71,831.12
2024-08-30,C003,New Arrivals Awareness,Instagram Ads,56098,988,16,202.8,207.2
2024-08-30,C004,Flash Sale Campaign,Meta Ads,34554,1169,53,356.9,849.2
2024-08-30,C005,Loyalty Program Boost,TikTok Ads,41352,711,25,145.45,323.77
2024-08-31,C001,Back to School Promo,Facebook Ads,45790,943,58,246.09,1130.82
2024-08-31,C002,Fall Discount Launch,Google Ads,44131,828,33,289.89,647.57
2024-08-31,C003,New Arrivals Awareness,Instagram Ads,60478,976,23,184.43,246.2
2024-08-31,C004,Flash Sale Campaign,Meta Ads,29584,914,61,175.71,975.21
2024-08-31,C005,Loyalty Program Boost,TikTok Ads,38420,663,25,153.24,395.86
